{
    "accuracy": 0.975925925925926,
    "precision": 0.9916666666666667,
    "recall": 0.8263888888888888,
    "auc": 0.9879881885090218
}
